name,Blood_Group,DateOfBirth,email,password,Gender,Address,Pincode,Patient_Weight,Patient_Height
Ayush Thakur,AB+,2000-10-24,ayush.thakur@iiits.in,ayush123,M,Sampangi Street Saint Peter Rd KTR Mall Chennai Tamil Nadu India,517005,80,5.11
John Billy,O-,1996-07-15,john.billy@gmail.com,john111,M,Ram Nagar Colony Near Kings Convent Green Cross Street Chittoor Andhra Pradesh India,513008,76,4.60
Lalitha Reddy,B+,1992-02-08,lalitha.reddy@yahoo.com,lalitha234,F,Sri Ram Street Luke Saint Rd Wiese Market Bhuvaneshwar Odisha India,456822,85,5.60
Surender Singh,A-,1999-11-27,surender.singh@iiits.in,surender155,M,Camerine Bridge Sampangi Street Bangalore Karnataka India,612334,67,5.12
Pavan Kumar,O+,2004-03-19,pavan.kumar@gmail.com,pavan123,M,Padmavathi Vikar Mandal Shahibaug Vallabh Baug Lane Kolkata West Bengal India,518001,77,4.11
Peter Jones,O-,1998-02-19,keith37@yahoo.com,407-90-4248,M,Unit 6444 Box 3351 DPO AA 38540 Shimla Himachal Pradesh India,738540,93,6.30
Alexandra Cruz,AB-,2004-03-10,holmestiffany@gmail.com,649-87-5187,F,37174 Perkins Underpass Apt. 234 Kelleyside IA 86199 Panaji Goa India,806199,82,5.70
Ryan Frank,O-,2005-03-19,bellerin@yahoo.com,699-68-6605,M,3120 Kelly Port Alantown AL 05362 City of Joy West Bengal India,509362,69,6.60
Jordan Miller,AB+,2006-02-19,daniel39@yahoo.com,304-90-1812,F,0316 Morrison Pine Apt. 820 Alexanderville MN 17983 Dehradun Uttarakhand India,179830,50,6.60
Tristan Bailey,O-,1999-09-13,caroline34@hotmail.com,099-07-6026,M,09193 Daniels Crossroad Apt. 899 Yorkmouth VT 95885 Tirupati Andhra Pradesh India,958850,92,6.90
Katherine Santiago,B-,2008-08-15,jjones@yahoo.com,404-54-9708,F,1226 Freeman Light Apt. 136 Paulside NY 99789 Hyderabad Andhra Pradesh India,997809,80,6.30
Randy Mcgee,O-,2009-02-18,whitesteven@hotmail.com,007-86-5421,M,92083 Coleman Orchard Hartmantown MS 74126 Panaji Goa India,704126,67,5.10
Samantha Morgan,B-,2003-03-20,virginiadavis@hotmail.com,693-26-5396,F,72863 Garrett Mills Monicaville SC 15430 Hyderabad Andhra Pradesh India,154390,62,5.70
Katherine Curtis,A+,2011-03-19,ryandiaz@gmail.com,267-63-6090,F,223 Pamela Hill Mayfort MI 21956 Thiruvananthapuram Kerala India,219560,84,4.90
Amanda Norman,B-,2012-03-09,zgonzalez@hotmail.com,273-55-0263,F,3349 Russo Isle Suite 530 Joshuafort GA 84274 Panaji Goa India,840274,50,5.10
Lisa Clark,AB+,1996-03-19,robinsonjamie@gmail.com,198-65-9502,F,816 Miller Rapids Port Tonichester KY 15388 Dehradun Uttarakhand India,153088,62,4.80
Jared Salazar,B-,2014-08-11,melissabishop@gmail.com,048-91-5921,M,1498 Tonya Locks Joycefort PA 64661 City of Joy West Bengal India,646601,55,6.70
Sarah Lucero,AB-,2015-03-16,smithmichael@hotmail.com,070-95-0083,F,PSC 2438 Box 4923 APO AE 11582 Shimla Himachal Pradesh India,110582,50,6.60
Joseph Rogers,A-,1997-09-12,pearsonsamuel@yahoo.com,753-34-0412,M,Unit 7063 Box 3209 DPO AP 93518 Thiruvananthapuram Kerala India,930518,56,4.60
Adam Ray,B+,1995-02-04,cmason@gmail.com,215-74-9745,M,5362 Mitchell Route Apt. 702 Vincenthaven WI 73088 Panaji Goa India,730898,72,4.60
Mary Adams,AB+,2018-03-19,khubbard@gmail.com,895-60-4337,F,373 David Flats Apt. 136 West James VT 27731 Hyderabad Andhra Pradesh India,270731,83,6.30
Jason Watson,O-,2019-03-19,melissa91@yahoo.com,109-90-1887,M,Unit 6397 Box 5883 DPO AE 26258 Gandhinagar Gujarat India,262058,77,5.70
Chelsea Powell,B-,2020-08-19,thomashubbard@hotmail.com,012-75-8514,F,501 Jimenez Garden Port Rachel ID 74796 Raipur Chhattisgarh India,747906,54,6.20
Dr. Rachel Morgan,AB-,2021-03-19,josephingram@hotmail.com,873-30-1252,F,21009 Emily Brooks South Carrieburgh NY 22723 Panaji Goa India,227203,99,5.80
Ryan Moore Jr.,B+,2002-07-19,erin63@hotmail.com,644-81-5140,M,375 Amber View Apt. 236 New Mark DE 41550 Hyderabad Andhra Pradesh India,415501,58,6.70
Charles Williams,A-,1999-03-09,misty22@yahoo.com,480-64-5333,M,15517 Sanchez Crest Suite 280 Kayleeshire MA 31477 Dehradun Uttarakhand India,314770,51,6.60
Victoria Williams,AB+,2020-03-12,whitejessica@yahoo.com,216-46-6281,F,324 Gibson Stravenue Apt. 930 West Scott DC 42500 City of Joy West Bengal India,425001,88,6.80
Randy Thompson,AB-,1992-03-10,christine28@hotmail.com,607-85-6746,M,22819 Scott Crest Harrisonport SC 22140 Panaji Goa India,221408,72,5.00
Mr. William Miller,AB+,2026-03-19,williamlandry@hotmail.com,030-58-3395,M,314 Tammy Drive Natashaberg NV 99348 City of Joy West Bengal India,993480,85,6.90
Amanda Welch,AB-,1993-03-19,woodwalter@gmail.com,631-88-6459,F,6946 Harris Isle Apt. 689 Cisnerosport IA 19224 Raipur Chhattisgarh India,192204,81,6.10
Robert Brown,A+,2006-07-17,ecooper@hotmail.com,375-51-3529,M,443 Wallace Center Apt. 782 Perkinsmouth FL 76145 Tirupati Andhra Pradesh India,761450,56,6.30
Amy Williams,B+,2000-03-24,kristinagentry@gmail.com,763-52-1435,F,3163 Steve Manor Apt. 962 West Danielpor ND 36267 Thiruvananthapuram Kerala India,362670,73,4.60
Carmen Watkins,A-,2006-09-27,nbrown@yahoo.com,583-20-6883,F,1329 Robinson Summit Jonesfort DC 29380 Hyderabad Andhra Pradesh India,293809,50,6.50
Austin Kim,AB+,1994-03-05,sierrascott@gmail.com,011-52-9390,M,11641 Young Canyon North Maria CO 97490 Hyderabad Andhra Pradesh India,974906,80,5.70
Morgan Mack,A+,2002-05-09,lchavez@gmail.com,418-21-4818,F,8415 Pham Land Suite 479 East Cory OK 57145 Thiruvananthapuram Kerala India,571452,76,5.70
Zachary Jackson,B+,2011-06-13,gillespiefrank@hotmail.com,342-65-7990,M,8637 Baker Centers South Danielburgh MS 86279 Gandhinagar Gujarat India,862791,51,5.60
Raymond Cobb,B+,2001-07-09,dbarnes@hotmail.com,495-99-4350,M,03362 Nielsen Dam Apt. 561 Lake George DC 30671 City of Joy West Bengal India,306710,87,6.20
Natalie Rodriguez,AB-,1993-09-28,tuckergrace@yahoo.com,438-81-3752,F,631 Wilson Stravenue Lake Douglasport CT 06007 Panaji Goa India,416007,75,5.00
Terry Baker,O+,2004-02-29,lwall@yahoo.com,897-38-4404,M,59337 Evan Skyway Salazarshire IN 94874 City of Joy West Bengal India,948740,80,5.40
Ryan Jones,B+,2016-03-15,zrussell@hotmail.com,314-14-3213,M,4159 Brown Branch Suite 675 Youngfurt CO 31330 Panaji Goa India,313302,89,5.10
Donna Braun,B+,2004-08-19,micheal34@gmail.com,153-15-0516,F,797 Pamela Trace Suite 808 Reidhaven MO 13511 Dehradun Uttarakhand India,135110,57,6.60
Karen James,O-,1992-03-19,umorgan@yahoo.com,716-65-6195,F,9501 Alexander Island Lake Elizabeth GA 74066 Hyderabad Andhra Pradesh India,740660,63,5.80
Russell Fuller,AB+,2000-03-30,crystalhughes@gmail.com,096-94-5726,M,USS Horton FPO AP 81503 Panaji Goa India,815030,87,5.70
Nicholas Mcclain,O+,2001-01-31,knightamanda@hotmail.com,718-43-9406,M,0431 Evans Rapids Suite 375 Port Jenniferberg KY 80086 Shimla Himachal Pradesh India,800860,99,7.00
Laura Rodriguez,A+,2002-03-24,gordonpatricia@yahoo.com,766-83-0455,F,7699 Holder Square Ramireztown OH 60559 Tirupati Andhra Pradesh India,605509,68,6.35
Walter Anderson,O+,2003-09-21,mark39@yahoo.com,753-98-4679,M,39619 Anderson Groves Priceburgh RI 45300 Thiruvananthapuram Kerala India,453007,90,5.11
Arthur Parks,O-,2004-03-21,csmith@gmail.com,079-77-8247,M,706 Farley Track Apt. 157 Jessicaport AK 94959 City of Joy West Bengal India,949509,97,5.20
Matthew Miller,A+,2005-03-17,david76@gmail.com,284-53-9941,M,4295 Martin Crossing South Matthew ME 18716 Dehradun Uttarakhand India,187106,62,6.10
Kenneth Robinson,A+,2006-03-12,andersonjohn@hotmail.com,687-41-0612,M,7019 Morales Junctions Suite 985 Michellehaven CO 73637 Hyderabad Andhra Pradesh India,736307,56,6.90
Jacob Fuller,AB+,2007-03-13,adamslisa@gmail.com,224-02-1755,M,Unit 4064 Box 6105 DPO AA 18126 Panaji Goa India,181268,95,6.40
Manuel Green,A+,2001-10-12,qmann@hotmail.com,368-16-8000,M,PSC -6868 Box 0381 APO AA 04247 City of Joy West Bengal India,424709,91,7.00
Sara Davis,O-,2009-06-21,paulsmith@hotmail.com,789-89-6777,F,154 Clifford Lodge Suite 998 Campbellborough ND 32354 Panaji Goa India,323504,95,6.60
Chad Boone,A-,1999-03-12,wardcindy@yahoo.com,181-81-3230,M,3034 Lloyd Ford New Christophershire NY 22202 Raipur Chhattisgarh India,222021,89,6.70
Peter Reynolds,B+,2008-12-10,vmayer@gmail.com,049-89-4629,M,5796 Ibarra Lakes Apt. 294 Delacruzview MD 10651 Dehradun Uttarakhand India,106510,79,6.30
Matthew Lynch,O+,1993-08-01,williamsbrandy@hotmail.com,508-04-3326,M,0793 Merritt Loaf Vincentmouth TN 96759 Tirupati Andhra Pradesh India,967509,50,5.20
